feature,category,rows,mean_shap
sub_grade,A1,326,-0.069652672208424596
sub_grade,A2,313,-0.069233708817976303
sub_grade,A3,367,-0.069539906938945656
sub_grade,A4,521,-0.067525780948872974
sub_grade,A5,595,-0.051149249823719781
sub_grade,B1,574,-0.054595207110135796
sub_grade,B2,642,-0.056144023520211063
sub_grade,B3,687,-0.057138713025569568
sub_grade,B4,687,-0.044348078043705309
sub_grade,B5,692,-0.021935094121177216
sub_grade,C1,633,0.051428095782021239
sub_grade,C2,606,0.051180411772519495
sub_grade,C3,579,0.12176721578126627
sub_grade,C4,486,0.12366388338431662
sub_grade,C5,434,0.088585296846703299
sub_grade,D1,348,0.12550676694407253
sub_grade,D2,314,0.12263015189562715
sub_grade,D3,257,0.12277437478250319
sub_grade,D4,221,0.12110368129012848
sub_grade,D5,147,0.12260876431197559
sub_grade,E1,141,0.12382372084173392
sub_grade,E2,103,0.11431864865720792
sub_grade,E3,75,0.11650576049851603
sub_grade,E4,67,0.11709028209649001
sub_grade,E5,53,0.11889649993238498
sub_grade,F1,46,0.11227605618018574
sub_grade,F2,22,0.11058953032760875
sub_grade,F3,36,0.11044180364085769
sub_grade,F4,13,-0.026152171132253411
sub_grade,F5,6,0.10989609016043894
sub_grade,G1,5,0.13255316816810125
sub_grade,G2,1,0.10032729641576035
sub_grade,G3,2,0.099273424221374224
sub_grade,G4,1,0.12479940819416885
zip_code,010xx,17,-0.017637517886996339
zip_code,011xx,4,-0.032560395176808463
zip_code,012xx,7,-0.03663447218300158
zip_code,013xx,2,-0.022812572197454195
zip_code,014xx,4,0.055424332029085234
zip_code,015xx,22,0.0081064533037932211
zip_code,016xx,7,0.066395162021184381
zip_code,017xx,9,0.13249818545640046
zip_code,018xx,24,0.042312774762892469
zip_code,019xx,18,-0.021963005215821882
zip_code,020xx,10,-0.027079127481406534
zip_code,021xx,41,-0.072598524198368278
zip_code,022xx,2,-0.047485317340061992
zip_code,023xx,12,-0.042928050849751494
zip_code,024xx,6,-0.069091484296347941
zip_code,025xx,2,-0.026424365489758357
zip_code,026xx,7,0.13915680132005268
zip_code,027xx,14,-0.022723636808469623
zip_code,028xx,35,0.052067225135828114
zip_code,029xx,17,0.054972761883661667
zip_code,030xx,12,0.0060890653868937231
zip_code,031xx,8,-0.059965718623355729
zip_code,032xx,4,-0.065170232336331693
zip_code,033xx,4,-0.035804970524150152
zip_code,034xx,3,-0.02173460562112119
zip_code,035xx,1,-0.015854073135778225
zip_code,036xx,1,-0.029712691311520625
zip_code,037xx,1,-0.030299917337761991
zip_code,038xx,5,-0.069338815261512976
zip_code,052xx,1,-0.021053013510989572
zip_code,054xx,11,-0.028672466808320304
zip_code,056xx,4,-0.035051620612094214
zip_code,057xx,5,-0.032772924755806995
zip_code,060xx,24,-0.0809404856777486
zip_code,061xx,13,-0.041719066779667517
zip_code,062xx,6,-0.12664105046762161
zip_code,063xx,11,-0.04616326763899737
zip_code,064xx,23,0.099452410652346557
zip_code,065xx,10,0.0063804131499495195
zip_code,066xx,20,-0.010390541220200687
zip_code,067xx,10,-0.13292996508523036
zip_code,068xx,17,-0.061287586028761346
zip_code,069xx,6,-0.038029199183621736
zip_code,070xx,84,0.070644633662291303
zip_code,071xx,14,-0.050282287267631821
zip_code,072xx,3,-0.024618152391647784
zip_code,073xx,15,-0.038781072180917073
zip_code,074xx,18,-0.014263179084491255
zip_code,075xx,4,-0.0027421104282631826
zip_code,076xx,24,-0.026145330581763965
zip_code,077xx,21,-0.03495742825435226
zip_code,078xx,19,-0.05759548240976823
zip_code,079xx,5,-0.040530796107654241
zip_code,080xx,30,0.050933767326335595
zip_code,081xx,5,-0.08572289701199591
zip_code,082xx,7,0.34020071269991375
zip_code,083xx,9,0.07543260657213964
zip_code,084xx,3,-0.030041175985301486
zip_code,085xx,14,-0.028970093018432841
zip_code,086xx,4,-0.021927009282908836
zip_code,087xx,14,0.33121179304004239
zip_code,088xx,33,0.013432556720739583
zip_code,089xx,2,-0.030148322910783596
zip_code,090xx,1,-0.034023645182317007
zip_code,096xx,1,-0.02494125881389643
zip_code,100xx,82,-0.017718246322189518
zip_code,101xx,1,-0.022896148187231558
zip_code,102xx,1,-0.026529058793311126
zip_code,103xx,30,0.026516752148464117
zip_code,104xx,80,0.028811283556875195
zip_code,105xx,30,-0.24013521876812899
zip_code,106xx,2,0.35499569039149603
zip_code,107xx,7,0.14107132150018689
zip_code,108xx,11,-0.029374343169187134
zip_code,109xx,26,-0.0362581657083514
zip_code,110xx,17,-0.18646078246807379
zip_code,111xx,14,0.017473764619285546
zip_code,112xx,116,-0.026036004757920179
zip_code,113xx,69,0.027364688095138204
zip_code,114xx,41,0.046968641546461083
zip_code,115xx,34,-0.015224998743635823
zip_code,116xx,6,-0.076637279992133558
zip_code,117xx,66,0.01292320577190941
zip_code,118xx,5,-0.03669482100310148
zip_code,119xx,9,-0.030494415792343785
zip_code,120xx,17,-0.016042147874471623
zip_code,121xx,10,0.049717125234941623
zip_code,122xx,5,-0.034076461440159925
zip_code,123xx,2,0.064715889673764626
zip_code,124xx,2,-0.029585259609193688
zip_code,125xx,11,-0.039693648825666956
zip_code,126xx,1,-0.020394978456756696
zip_code,127xx,4,-0.03118841967556827
zip_code,128xx,10,0.072495989067945035
zip_code,129xx,6,0.0043256658407789294
zip_code,130xx,14,-0.091392555300440062
zip_code,131xx,5,-0.033207442552568904
zip_code,132xx,8,0.14937539492124391
zip_code,133xx,3,-0.033046277306886453
zip_code,134xx,10,-0.027657480111333226
zip_code,135xx,2,-0.030064591346031837
zip_code,136xx,5,-0.0024800460230949245
zip_code,137xx,6,-0.026806458822226296
zip_code,138xx,5,-0.02630042881028714
zip_code,140xx,20,0.10746594363288524
zip_code,141xx,6,-0.045616519666880739
zip_code,142xx,28,0.042114531633682437
zip_code,143xx,3,-0.031884381343081331
zip_code,144xx,11,-0.010751590481822124
zip_code,145xx,16,0.011295028047796826
zip_code,146xx,23,-0.17630043601191958
zip_code,147xx,1,-0.011055910392300377
zip_code,148xx,7,0.067275316553869424
zip_code,149xx,1,-0.032577139905621104
zip_code,150xx,13,-0.02745569433843768
zip_code,151xx,18,0.0053920258587632263
zip_code,152xx,28,-0.27548339767875646
zip_code,153xx,5,-0.027942801297171312
zip_code,154xx,2,-0.023457611363664171
zip_code,155xx,3,-0.021777154520371836
zip_code,156xx,11,-0.052283922593362793
zip_code,157xx,2,-0.033478270561266697
zip_code,158xx,2,-0.027740414547825363
zip_code,159xx,2,-0.032407495752707148
zip_code,160xx,6,-0.036607489691338084
zip_code,161xx,7,-0.0063367208611073119
zip_code,162xx,2,-0.038365865999392602
zip_code,163xx,3,-0.026519655825314587
zip_code,164xx,1,-0.029061661586263811
zip_code,165xx,2,-0.032150194606213198
zip_code,166xx,5,-0.034017813824718204
zip_code,167xx,3,-0.033128018282772009
zip_code,168xx,1,-0.032753763471442314
zip_code,169xx,1,-0.042681023098879195
zip_code,170xx,11,-0.031697857972543902
zip_code,171xx,3,-0.028851232450078659
zip_code,172xx,7,0.014500908385967107
zip_code,173xx,12,-0.14320800437434192
zip_code,174xx,2,-0.036018937510431628
zip_code,175xx,12,-0.051056426303933533
zip_code,176xx,4,-0.031008359730130809
zip_code,177xx,6,-0.026803201991551406
zip_code,178xx,2,-0.029955087201605526
zip_code,179xx,1,-0.033552478208208877
zip_code,180xx,13,0.0022040462006332859
zip_code,181xx,2,0.013012239414352009
zip_code,183xx,3,-0.031605851766044336
zip_code,184xx,7,-0.10160380202859605
zip_code,185xx,5,-0.043979531348999415
zip_code,186xx,5,-0.031403158626253674
zip_code,187xx,1,0.25546589468411213
zip_code,188xx,1,-0.027118470117854086
zip_code,189xx,20,0.29944240061120664
zip_code,190xx,31,-0.085574238372601114
zip_code,191xx,29,-0.056632978656997464
zip_code,193xx,7,-0.010372864740421544
zip_code,194xx,17,-0.11344901284480893
zip_code,195xx,7,-0.03251986411337178
zip_code,196xx,7,-0.028198583166048282
zip_code,197xx,14,0.0065740311063464943
zip_code,198xx,7,0.12316610481874782
zip_code,199xx,9,-0.036159117555590564
zip_code,200xx,29,-0.21817962006112637
zip_code,201xx,45,-0.14593502803879305
zip_code,206xx,16,-0.031581728256253612
zip_code,207xx,53,0.059655036943331768
zip_code,208xx,20,-0.054357846114844469
zip_code,209xx,18,-0.035500029711800739
zip_code,210xx,23,0.0030884663594674508
zip_code,211xx,15,-0.016218594613542279
zip_code,212xx,34,-0.063084048629879097
zip_code,214xx,4,-0.14493438289009514
zip_code,215xx,1,0.023100546883290385
zip_code,216xx,4,-0.030237072583429551
zip_code,217xx,23,-0.020148513822713154
zip_code,218xx,4,-0.033297047371829369
zip_code,219xx,4,-0.025196308032186348
zip_code,220xx,25,-0.040116869249520723
zip_code,221xx,24,-0.070087272199034864
zip_code,222xx,13,-0.092187842670840986
zip_code,223xx,17,-0.022626833973862413
zip_code,224xx,10,0.0016104544930263241
zip_code,225xx,10,-0.057154812407023456
zip_code,226xx,7,0.0014779585417992803
zip_code,227xx,2,-0.031444240155024103
zip_code,228xx,4,0.12494092943242735
zip_code,229xx,9,-0.0074909657139040874
zip_code,230xx,5,-0.026849206599018998
zip_code,231xx,7,0.0027631630011606232
zip_code,232xx,13,-0.02410137606778124
zip_code,233xx,14,0.0075363028115071964
zip_code,234xx,17,-0.018445322190298492
zip_code,235xx,8,-0.0319900470726905
zip_code,236xx,10,-0.17461498485056853
zip_code,237xx,2,-0.032152327139843284
zip_code,238xx,10,0.038051291433132052
zip_code,240xx,11,-0.035092137178992018
zip_code,241xx,2,-0.064603357007020523
zip_code,242xx,6,-0.03114324594614289
zip_code,243xx,1,-0.019652853401069269
zip_code,244xx,4,-0.033719730905495099
zip_code,245xx,9,0.061104781378291922
zip_code,246xx,1,-0.020494980481071391
zip_code,247xx,4,-0.032058360159360276
zip_code,248xx,1,-0.028386694427339793
zip_code,250xx,1,-0.036554667692576856
zip_code,251xx,3,-0.035144715053686375
zip_code,252xx,1,-0.031889419663023839
zip_code,253xx,2,-0.028041139740087609
zip_code,254xx,10,-0.15094003669766509
zip_code,255xx,2,-0.024946308396077071
zip_code,256xx,1,-0.031277707219898539
zip_code,257xx,1,-0.031459984092711044
zip_code,258xx,3,-0.029491824638714637
zip_code,260xx,2,-0.029814215833753585
zip_code,261xx,6,-0.0270956478538707
zip_code,262xx,1,-0.031684021734074308
zip_code,263xx,1,-0.030968305682266314
zip_code,265xx,3,-0.026097541816893957
zip_code,268xx,1,-0.041556287887479497
zip_code,270xx,6,-0.034353819808064089
zip_code,271xx,8,-0.051302463352380145
zip_code,272xx,8,-0.03973725211366036
zip_code,273xx,7,-0.072248234870725167
zip_code,274xx,8,-0.025409277265813008
zip_code,275xx,36,-0.12083241422223129
zip_code,276xx,16,0.043412970264447653
zip_code,277xx,7,-0.014649572949972486
zip_code,278xx,12,0.0033392201437036453
zip_code,279xx,2,-0.0072702106224697
zip_code,280xx,15,-0.057959956728369635
zip_code,281xx,15,-0.11135864527071541
zip_code,282xx,32,-0.02206437014542853
zip_code,283xx,21,0.032617920983746274
zip_code,284xx,14,-0.0013976727791571903
zip_code,285xx,11,0.018524228005292562
zip_code,286xx,15,0.062573188029500265
zip_code,287xx,9,0.03300736899256438
zip_code,288xx,5,-0.025672129460085142
zip_code,290xx,11,0.033628295773657509
zip_code,291xx,7,-0.020603359430757268
zip_code,292xx,10,-0.036136376847817522
zip_code,293xx,5,-0.21855060300806084
zip_code,294xx,30,-0.022629714101997059
zip_code,295xx,13,-0.0022442461770662238
zip_code,296xx,32,0.0034894912746862446
zip_code,297xx,9,-0.037540477372093727
zip_code,298xx,8,-0.026040683798397413
zip_code,299xx,5,0.085405673525126152
zip_code,300xx,81,0.063812768896018252
zip_code,301xx,37,0.0098627961039923044
zip_code,302xx,34,0.12334430079046112
zip_code,303xx,28,-0.053436829201381549
zip_code,304xx,6,-0.037126353725550544
zip_code,305xx,18,0.054272881946817106
zip_code,306xx,8,-0.088228616994372774
zip_code,307xx,11,-0.061854849078811232
zip_code,308xx,5,-0.0018727420248399352
zip_code,309xx,6,0.037744428859464808
zip_code,310xx,7,0.11421997110764885
zip_code,312xx,7,-0.034794235298860186
zip_code,313xx,3,-0.1860614347953341
zip_code,314xx,6,-0.035529252340421286
zip_code,315xx,5,0.012954744461166141
zip_code,316xx,5,0.22429648599696145
zip_code,317xx,7,-0.021347939797785771
zip_code,319xx,7,-0.13082509659608335
zip_code,320xx,19,0.066646513694794629
zip_code,321xx,18,0.15202656899161765
zip_code,322xx,28,0.056649096665998509
zip_code,323xx,12,0.091902578700494994
zip_code,324xx,9,-0.030862428483467444
zip_code,325xx,23,0.29215633713584471
zip_code,326xx,6,-0.1060983863888235
zip_code,327xx,47,-0.0071969891524504481
zip_code,328xx,37,-0.059610038694819047
zip_code,329xx,13,0.084376434472112655
zip_code,330xx,71,0.069967436630929053
zip_code,331xx,96,0.21148431508976184
zip_code,333xx,41,0.11795567828441114
zip_code,334xx,69,0.028429571439922578
zip_code,335xx,31,0.1183782356462733
zip_code,336xx,18,0.030698723161437409
zip_code,337xx,28,0.020919489553532188
zip_code,338xx,15,0.0399465997168287
zip_code,339xx,32,-0.027391843667270942
zip_code,341xx,9,0.12280673678995396
zip_code,342xx,26,0.064350269405301586
zip_code,344xx,9,0.12629963960034649
zip_code,346xx,29,0.20091973776411667
zip_code,347xx,25,0.11303901142762283
zip_code,349xx,24,0.0078848438381966569
zip_code,350xx,15,0.018945305646067036
zip_code,351xx,9,-0.021943056053710455
zip_code,352xx,16,-0.014929541906752225
zip_code,354xx,2,0.18953030465024101
zip_code,355xx,6,-0.029548028366343498
zip_code,356xx,8,-0.080002718838698347
zip_code,357xx,8,-0.033080686025009833
zip_code,358xx,8,0.17976298763607332
zip_code,359xx,7,0.11825008876965361
zip_code,360xx,6,-0.022729844209289782
zip_code,361xx,9,0.056944848798591359
zip_code,362xx,4,-0.034604426487722162
zip_code,363xx,5,0.04671488138024836
zip_code,365xx,9,-0.0301448273234621
zip_code,366xx,6,-0.035338013749552012
zip_code,367xx,2,-0.035091413054328467
zip_code,368xx,8,-0.034185017441230869
zip_code,370xx,30,-0.030320176065422852
zip_code,371xx,14,-0.028696754843370309
zip_code,372xx,15,-0.032422092362727424
zip_code,373xx,10,-0.028875343490703836
zip_code,374xx,4,-0.032358681822379762
zip_code,376xx,5,-0.032203660436606725
zip_code,378xx,19,-0.030629374487542549
zip_code,379xx,19,-0.033426182092740349
zip_code,380xx,17,-0.032919847465994745
zip_code,381xx,27,-0.032527959395545251
zip_code,383xx,5,-0.030238204002593517
zip_code,384xx,5,-0.025523097232526881
zip_code,385xx,4,-0.029914726141737329
zip_code,386xx,9,-0.032557604056052833
zip_code,388xx,3,-0.036844370071423167
zip_code,390xx,7,-0.032832782050996087
zip_code,391xx,5,-0.036300628148984895
zip_code,392xx,5,-0.024875738219258987
zip_code,394xx,4,-0.031313226685398349
zip_code,395xx,7,-0.031880274897412415
zip_code,396xx,3,-0.023058979761958576
zip_code,397xx,1,-0.042168794911869839
zip_code,398xx,1,-0.022538004055826889
zip_code,400xx,9,0.088814937530354368
zip_code,402xx,13,-0.02405351238167697
zip_code,403xx,8,-0.12356937787543956
zip_code,404xx,4,-0.033203783841164722
zip_code,405xx,9,-0.032074289939439206
zip_code,407xx,1,-0.035195650147805818
zip_code,409xx,1,-0.024799367255974508
zip_code,410xx,16,-0.1035959284332188
zip_code,411xx,2,-0.024359693632392466
zip_code,412xx,2,-0.018557249154845419
zip_code,413xx,1,-0.032017357428965158
zip_code,416xx,1,-0.046231205569131836
zip_code,417xx,2,-0.040396662620128601
zip_code,420xx,2,-0.03452283102099972
zip_code,421xx,5,-0.027672300285989881
zip_code,422xx,1,-0.022217309432999759
zip_code,423xx,2,-0.042089756175262352
zip_code,424xx,1,-0.036202200390706332
zip_code,425xx,1,-0.031662050897218651
zip_code,427xx,1,-0.011918604529933029
zip_code,430xx,22,-0.095106495401065652
zip_code,431xx,11,-0.13688395287444008
zip_code,432xx,41,0.017610693443520505
zip_code,433xx,3,-0.025560987829903344
zip_code,434xx,5,-0.023506936894547196
zip_code,435xx,7,-0.043052399363132376
zip_code,436xx,8,-0.036096493931111716
zip_code,437xx,3,-0.024413183408048333
zip_code,438xx,3,-0.029591384115598914
zip_code,439xx,4,0.060932654675360215
zip_code,440xx,23,-0.011798552563174613
zip_code,441xx,34,-0.022992614355962952
zip_code,442xx,11,-0.045002879918649916
zip_code,443xx,8,0.11480558548837587
zip_code,444xx,6,0.011342967462758381
zip_code,445xx,8,-0.02881634998874091
zip_code,446xx,10,-0.051235412563731195
zip_code,447xx,7,-0.0096357093551866935
zip_code,448xx,10,-0.066996869399068126
zip_code,449xx,3,-0.026324574579040739
zip_code,450xx,28,-0.024416680789683089
zip_code,451xx,4,-0.029739508183422088
zip_code,452xx,28,-0.036400708208560603
zip_code,453xx,20,-0.040620960871310507
zip_code,454xx,8,-0.035497647469765407
zip_code,456xx,6,-0.017366744768937542
zip_code,457xx,3,-0.017680760483622573
zip_code,458xx,14,-0.12449329059347862
zip_code,460xx,10,-0.026912965585609416
zip_code,461xx,26,-0.029927395429081925
zip_code,462xx,26,-0.030508833795358074
zip_code,463xx,28,-0.030415189390789372
zip_code,465xx,8,-0.032792652086318513
zip_code,466xx,8,-0.031709849947708937
zip_code,468xx,6,-0.034480416440347758
zip_code,469xx,10,-0.029266996415253183
zip_code,471xx,9,-0.027347760859941502
zip_code,473xx,8,-0.024672882747635946
zip_code,474xx,2,-0.031906410585082881
zip_code,477xx,4,-0.035530379821578209
zip_code,478xx,4,-0.029400624841319528
zip_code,479xx,1,-0.019300203874517641
zip_code,480xx,47,-0.016037729690221457
zip_code,481xx,57,0.022801074268414656
zip_code,482xx,25,0.11316128473634311
zip_code,483xx,36,-0.033913677322059382
zip_code,484xx,8,0.1372122658006856
zip_code,485xx,5,-0.023987765072140243
zip_code,486xx,7,0.29112215072326103
zip_code,487xx,3,-0.025159622862825009
zip_code,488xx,20,0.010674205187484746
zip_code,489xx,6,-0.031424224641284505
zip_code,490xx,10,-0.030594317330863874
zip_code,491xx,1,0.040529113054837203
zip_code,492xx,13,-0.0074496182516440952
zip_code,493xx,7,-0.0191709040572716
zip_code,494xx,16,-0.043311242141345623
zip_code,495xx,12,0.026496115233500189
zip_code,496xx,8,-0.022665542631665248
zip_code,497xx,3,-0.033299878859182029
zip_code,499xx,1,-0.020481893540365184
zip_code,530xx,18,-0.06952398530262853
zip_code,531xx,20,0.036628872421610489
zip_code,532xx,13,-0.01621936373428115
zip_code,534xx,5,0.012712073425718007
zip_code,535xx,16,-0.040009152123449285
zip_code,537xx,14,-0.038146973259567243
zip_code,538xx,1,-0.022460536387326844
zip_code,539xx,5,-0.03043921810582988
zip_code,540xx,4,-0.036368002906735419
zip_code,541xx,2,-0.029395205955911878
zip_code,542xx,4,-0.025827404681581193
zip_code,543xx,5,-0.030199861191896125
zip_code,544xx,5,0.039030405864296534
zip_code,545xx,3,-0.03020713582669592
zip_code,546xx,7,-0.030178976787584709
zip_code,547xx,4,-0.024295797684374308
zip_code,548xx,5,-0.023478930223330179
zip_code,549xx,16,0.088042019126566146
zip_code,550xx,22,-0.030561043117200041
zip_code,551xx,22,0.0074880377598376228
zip_code,553xx,37,0.057669527175252748
zip_code,554xx,36,-0.028202455307570502
zip_code,557xx,3,-0.025726786704262958
zip_code,558xx,4,-0.032748593304860435
zip_code,559xx,15,-0.027856721426909863
zip_code,560xx,7,-0.056123749501856182
zip_code,561xx,4,0.049192895541233385
zip_code,562xx,7,-0.033396199064145836
zip_code,563xx,8,-0.098115629407942398
zip_code,564xx,1,-0.041715541680602611
zip_code,565xx,5,-0.067106832827632329
zip_code,566xx,3,-0.028599229870294455
zip_code,570xx,7,-0.036737377585623059
zip_code,571xx,7,-0.025110265266141071
zip_code,572xx,1,-0.033739566782785113
zip_code,574xx,1,-0.029439824675816361
zip_code,577xx,3,-0.20304762539523494
zip_code,590xx,3,-0.029079631476917566
zip_code,591xx,6,-0.035003830228363515
zip_code,592xx,3,-0.030749425557144137
zip_code,593xx,1,-0.022745724617928995
zip_code,594xx,2,-0.037192212604639008
zip_code,596xx,3,-0.026400297841818899
zip_code,597xx,5,-0.01790465923247327
zip_code,598xx,5,-0.035533880278046562
zip_code,600xx,51,0.023768191578136318
zip_code,601xx,50,-0.054455079086805906
zip_code,602xx,1,-0.037189807167027827
zip_code,603xx,5,-0.03437468002102885
zip_code,604xx,51,0.0034892814316165276
zip_code,605xx,31,-0.16252696449959106
zip_code,606xx,89,-0.09582973803756778
zip_code,607xx,6,0.29622440219879231
zip_code,608xx,1,-0.02140984562597259
zip_code,609xx,1,-0.023849786335028992
zip_code,610xx,10,-0.03055508409148544
zip_code,611xx,9,0.041967473453754366
zip_code,612xx,2,-0.035237367549167564
zip_code,613xx,2,-0.032505990248286848
zip_code,614xx,1,-0.018888397578787013
zip_code,615xx,5,-0.028486148398506134
zip_code,616xx,5,-0.028865499763297737
zip_code,617xx,8,-0.037069654731105822
zip_code,618xx,8,0.13339106701147782
zip_code,619xx,3,-0.023177797377100861
zip_code,620xx,7,-0.14910815306263794
zip_code,622xx,14,-0.042670161124734811
zip_code,623xx,4,-0.028521542104315175
zip_code,624xx,4,-0.035604039557121221
zip_code,625xx,2,-0.025409859450350854
zip_code,626xx,6,-0.037836634081644123
zip_code,627xx,3,-0.13130765283241319
zip_code,628xx,4,-0.03299029601492421
zip_code,629xx,6,-0.03921521571704762
zip_code,630xx,14,-0.026051300192365477
zip_code,631xx,34,-0.043828050048302147
zip_code,633xx,16,0.22410641272478199
zip_code,635xx,2,-0.026932923463744256
zip_code,636xx,1,-0.032451520069638112
zip_code,637xx,2,-0.027792642806118213
zip_code,640xx,17,0.02332856791672188
zip_code,641xx,18,-0.0080857910619716034
zip_code,644xx,3,-0.027772224880766822
zip_code,645xx,3,-0.032113578170153603
zip_code,646xx,2,-0.030856834544900263
zip_code,647xx,4,-0.012103980721756127
zip_code,648xx,3,-0.033278693676632699
zip_code,650xx,2,-0.024074826527909775
zip_code,651xx,1,-0.031312841582645884
zip_code,652xx,5,-0.041293159563699409
zip_code,653xx,2,-0.029633363981589618
zip_code,655xx,2,-0.029195608296197936
zip_code,656xx,3,-0.03913228510429588
zip_code,657xx,9,-0.025398800562570455
zip_code,658xx,3,-0.10525807343107783
zip_code,660xx,24,-0.080093931075367164
zip_code,661xx,6,-0.034784071081674056
zip_code,662xx,13,0.13244117874381581
zip_code,664xx,4,-0.032406657275618436
zip_code,665xx,5,-0.068558466889505745
zip_code,666xx,5,-0.042650702537297101
zip_code,667xx,4,-0.026040839656216026
zip_code,669xx,1,-0.043138543480736813
zip_code,670xx,2,-0.041152117211407824
zip_code,671xx,4,-0.026804105041332949
zip_code,672xx,15,-0.027558426346716035
zip_code,673xx,2,-0.031659098986918696
zip_code,674xx,5,-0.033891454420548542
zip_code,675xx,1,-0.021868560912179702
zip_code,677xx,2,-0.026098361615042691
zip_code,678xx,5,-0.030063692373478612
zip_code,679xx,1,-0.037444965625263033
zip_code,685xx,1,-0.018627436213981444
zip_code,700xx,10,-0.017530696817736065
zip_code,701xx,10,-0.15203987936957228
zip_code,703xx,7,-0.034860425652704662
zip_code,704xx,12,-0.17544871995046163
zip_code,705xx,12,-0.018590746881368903
zip_code,706xx,8,-0.032344764881306276
zip_code,707xx,10,-0.037787627002462819
zip_code,708xx,18,-0.069412518989565214
zip_code,710xx,4,0.011352229494374193
zip_code,711xx,12,-0.014656539925246223
zip_code,713xx,4,0.072328522733205239
zip_code,714xx,2,-0.029903449171388832
zip_code,716xx,2,-0.0067978567452724554
zip_code,717xx,1,-0.032534296064079316
zip_code,718xx,1,-0.03025423570632408
zip_code,719xx,5,0.16184902213811622
zip_code,720xx,14,-0.034553586609052701
zip_code,721xx,3,-0.061156401322191078
zip_code,722xx,6,-0.057542290935281383
zip_code,723xx,3,-0.031099949796831259
zip_code,724xx,2,0.11779260328117119
zip_code,725xx,2,-0.023583831125535009
zip_code,726xx,4,0.073094176902825672
zip_code,727xx,10,-0.085414699931594687
zip_code,728xx,1,-0.035899238090336447
zip_code,729xx,9,-0.032031259907680951
zip_code,730xx,13,-0.078677743903168826
zip_code,731xx,9,-0.060196632598662578
zip_code,734xx,2,-0.038653902334127965
zip_code,735xx,2,0.0033939710035576359
zip_code,736xx,1,-0.024753072335970877
zip_code,737xx,1,-0.027980829372591828
zip_code,738xx,1,-0.033037892384860323
zip_code,739xx,1,-0.035245868636253931
zip_code,740xx,16,-0.020268368744357071
zip_code,741xx,10,0.030242802196692915
zip_code,743xx,2,-0.031577198338622006
zip_code,744xx,3,-0.03318371893366661
zip_code,745xx,4,-0.0062110494436669701
zip_code,746xx,1,-0.029030716911370123
zip_code,747xx,1,-0.029261380496682116
zip_code,748xx,5,-0.037164722184312757
zip_code,749xx,2,-0.023475700386733654
zip_code,750xx,103,-0.060397373374087134
zip_code,751xx,28,0.13497542172121743
zip_code,752xx,40,-0.076371201041875628
zip_code,753xx,2,-0.031817312002257937
zip_code,754xx,12,-0.033282001184127538
zip_code,755xx,7,-0.026453241929630129
zip_code,756xx,5,-0.044790153011705428
zip_code,757xx,13,-0.035000493250080394
zip_code,758xx,5,-0.03356141050966735
zip_code,759xx,4,-0.032153916820057152
zip_code,760xx,45,-0.096521836540502351
zip_code,761xx,26,-0.026935630978518314
zip_code,762xx,28,-0.032231416906007206
zip_code,763xx,8,-0.035208712120497844
zip_code,764xx,2,-0.028135214419575227
zip_code,765xx,27,-0.024360348592909267
zip_code,766xx,2,0.12288089773204999
zip_code,767xx,2,-0.025681720497017363
zip_code,768xx,3,-0.026012882696516994
zip_code,769xx,2,-0.030581119782002612
zip_code,770xx,77,-0.062635056404838199
zip_code,772xx,2,-0.032853656289809734
zip_code,773xx,47,-0.032972555367308511
zip_code,774xx,31,-0.12491240485269668
zip_code,775xx,42,0.097102004465073694
zip_code,776xx,3,-0.030979998922223858
zip_code,777xx,3,-0.03147982715550459
zip_code,778xx,7,-0.066208750174545042
zip_code,779xx,4,-0.025285436860330416
zip_code,780xx,14,0.065257713248354096
zip_code,781xx,8,-0.26486645397286035
zip_code,782xx,38,-0.18366525078341145
zip_code,783xx,9,-0.029965878356371298
zip_code,784xx,11,-0.029631114121680603
zip_code,785xx,19,-0.12292799835951614
zip_code,786xx,28,-0.0081650743953623796
zip_code,787xx,39,-0.20039856401319314
zip_code,788xx,1,-0.020977978058804286
zip_code,789xx,4,-0.027346633561717563
zip_code,790xx,5,-0.032406970496249049
zip_code,791xx,3,-0.030265729057447417
zip_code,792xx,2,-0.028891851113376443
zip_code,793xx,2,-0.040112835292552364
zip_code,794xx,3,0.0055192780759385643
zip_code,795xx,1,-0.027557414746510425
zip_code,796xx,9,-0.035269651906055098
zip_code,797xx,12,-0.033330495746531519
zip_code,798xx,2,-0.022811643960410487
zip_code,799xx,22,0.13839585844203747
zip_code,800xx,48,-0.042870775377214954
zip_code,801xx,30,-0.050683738996053121
zip_code,802xx,57,-0.05637894301773623
zip_code,803xx,5,-0.028492013645166785
zip_code,804xx,6,-0.11007729325167864
zip_code,805xx,26,-0.026247965785796294
zip_code,806xx,11,-0.030045068607967729
zip_code,807xx,3,-0.030237739736852499
zip_code,808xx,6,0.042643424878627489
zip_code,809xx,20,-0.036491716764177708
zip_code,810xx,11,0.060339669202273225
zip_code,811xx,2,0.089376163396702776
zip_code,812xx,1,-0.040697969165062027
zip_code,813xx,3,-0.047841706112390942
zip_code,814xx,1,-0.025299462892853241
zip_code,815xx,3,-0.031233966974313448
zip_code,816xx,5,-0.026350878670535215
zip_code,820xx,5,-0.04323830104282389
zip_code,822xx,1,-0.023570865548895443
zip_code,824xx,1,-0.021726526321023659
zip_code,825xx,3,-0.032825573773755258
zip_code,826xx,4,-0.041119701730896012
zip_code,827xx,1,-0.035121804028420099
zip_code,829xx,5,-0.042879701781158144
zip_code,830xx,1,-0.027544322245851564
zip_code,831xx,2,-0.036150880314286711
zip_code,840xx,36,-0.0099349215640759086
zip_code,841xx,17,-0.033141206859226939
zip_code,843xx,6,-0.032575907724748839
zip_code,846xx,7,-0.034819887641025893
zip_code,847xx,6,0.074732213473488698
zip_code,850xx,43,0.0018569460554713414
zip_code,851xx,14,0.024894169315879351
zip_code,852xx,62,0.030682297760486772
zip_code,853xx,44,-0.04200496822665245
zip_code,855xx,2,-0.041673253344108235
zip_code,856xx,15,0.41296130364426248
zip_code,857xx,29,0.11476127396478064
zip_code,859xx,4,-0.027814082388422205
zip_code,860xx,9,-0.034183492357468426
zip_code,863xx,8,0.28951539865491804
zip_code,864xx,6,-0.028027883042250634
zip_code,870xx,4,-0.028294122585528891
zip_code,871xx,29,0.087932000891901743
zip_code,873xx,1,-0.020664217782212058
zip_code,874xx,1,-0.037058291112443659
zip_code,875xx,9,-0.032247389158630735
zip_code,877xx,1,-0.04249163182801053
zip_code,878xx,2,-0.035961880148770893
zip_code,880xx,8,0.036066904986941435
zip_code,881xx,3,-0.017171839389189546
zip_code,882xx,6,-0.062089396958544631
zip_code,883xx,3,-0.032287483864541826
zip_code,890xx,34,0.12494618935822699
zip_code,891xx,77,0.22783847580135586
zip_code,893xx,2,-0.030735818620931929
zip_code,894xx,12,0.063678857567396094
zip_code,895xx,17,0.041468943583451247
zip_code,897xx,1,-0.012898108677625697
zip_code,898xx,5,-0.040350463435640568
zip_code,900xx,90,-0.031708605327400073
zip_code,902xx,42,-0.0012429419646006706
zip_code,903xx,5,0.20715104904458995
zip_code,904xx,4,-0.081759649089495276
zip_code,905xx,7,0.1393866721974546
zip_code,906xx,24,0.029482575144791356
zip_code,907xx,28,0.00837810111610909
zip_code,908xx,23,0.020299032448523074
zip_code,910xx,11,-0.14198355049490105
zip_code,911xx,3,-0.043848290675256092
zip_code,912xx,9,0.48627686095864714
zip_code,913xx,56,0.096981839815933127
zip_code,914xx,14,0.038219748719065604
zip_code,915xx,4,-0.052498795871351339
zip_code,916xx,12,-0.054238352480935025
zip_code,917xx,79,0.18485799581292833
zip_code,918xx,2,0.012181562430774026
zip_code,919xx,23,0.041052650533316221
zip_code,920xx,41,0.029493147993584188
zip_code,921xx,65,0.051067145334775799
zip_code,922xx,27,0.095853547616527562
zip_code,923xx,42,0.039920234944331334
zip_code,924xx,4,0.14330773612112549
zip_code,925xx,62,0.025820337074097515
zip_code,926xx,64,0.086059722595405813
zip_code,927xx,16,0.2970185984260677
zip_code,928xx,50,0.077353865699610544
zip_code,930xx,30,-0.067717617349643558
zip_code,931xx,9,-0.030031633869287779
zip_code,932xx,21,-0.066563892493180898
zip_code,933xx,15,-0.023370181679329142
zip_code,934xx,8,0.012584214926904395
zip_code,935xx,15,0.3253792910326147
zip_code,936xx,17,-0.088693864435657077
zip_code,937xx,17,0.012944850407244865
zip_code,939xx,15,-0.031617516760855259
zip_code,940xx,38,-0.014110422393620635
zip_code,941xx,56,-0.18134091306881311
zip_code,943xx,6,-0.038950768484764704
zip_code,944xx,7,-0.034231289873968625
zip_code,945xx,119,-0.031865055033894259
zip_code,946xx,17,-0.050003480515374087
zip_code,947xx,4,-0.099123185641301237
zip_code,948xx,6,-0.025961568877691511
zip_code,949xx,12,-0.054867451968038598
zip_code,950xx,21,-0.031015331156173824
zip_code,951xx,44,0.13637312280706848
zip_code,952xx,18,0.057488616376303724
zip_code,953xx,37,0.086357469768647707
zip_code,954xx,16,0.051609251391317057
zip_code,955xx,1,-0.029667120276823968
zip_code,956xx,48,0.11022464624646429
zip_code,957xx,13,-0.048942891056538533
zip_code,958xx,34,-0.0054157236962087425
zip_code,959xx,11,-0.0371053291086249
zip_code,960xx,6,0.043843609835694748
zip_code,961xx,5,-0.029979073940114981
zip_code,967xx,27,0.11752918515280358
zip_code,968xx,17,0.0041838578147087024
zip_code,970xx,18,-0.011982454097303356
zip_code,971xx,11,0.10205878119519159
zip_code,972xx,35,-0.059248518698856764
zip_code,973xx,22,-0.060135791440099243
zip_code,974xx,18,0.0096548600259704336
zip_code,975xx,6,0.010238506172406533
zip_code,977xx,9,0.00097600364699742973
zip_code,978xx,4,-0.10467972839462077
zip_code,979xx,1,-0.030711308140469434
zip_code,980xx,55,-0.049842364381401327
zip_code,981xx,41,-0.014602219352766234
zip_code,982xx,26,0.046732394090406568
zip_code,983xx,16,0.0042975671460820618
zip_code,984xx,5,0.082559680205985905
zip_code,985xx,12,-0.044913604100615866
zip_code,986xx,19,0.16247442288452044
zip_code,988xx,10,-0.067194881021189812
zip_code,989xx,8,-0.031059468808567581
zip_code,990xx,7,-0.033900657880714842
zip_code,991xx,2,-0.035334351101577947
zip_code,992xx,16,0.18544220552853827
zip_code,993xx,9,-0.022942086089454521
zip_code,994xx,3,-0.034057785521121452
zip_code,995xx,14,-0.026874071341114272
zip_code,996xx,4,-0.044889932369221029
zip_code,997xx,9,-0.046382648858606948
zip_code,998xx,2,-0.030703973956370867
zip_code,999xx,1,-0.02044675076315719
zip_code,<missing/unseen>,42,-0.032451253864710788
earliest_cr_line,<missing/unseen>,173,-0.01909757761421781
earliest_cr_line,Apr-1966,1,-0.026962021522703619
earliest_cr_line,Apr-1967,1,-0.030921078353992645
earliest_cr_line,Apr-1969,1,-0.041031169696120612
earliest_cr_line,Apr-1970,1,-0.019878854778287578
earliest_cr_line,Apr-1972,1,-0.0224492514938032
earliest_cr_line,Apr-1973,1,-0.013463761083809516
earliest_cr_line,Apr-1974,1,-0.020689631816496735
earliest_cr_line,Apr-1976,4,-0.028672133547038969
earliest_cr_line,Apr-1977,3,-0.039401617136455923
earliest_cr_line,Apr-1978,3,-0.018950143181073326
earliest_cr_line,Apr-1979,2,-0.021299589887080674
earliest_cr_line,Apr-1980,2,-0.02098797010110337
earliest_cr_line,Apr-1981,1,-0.018281899568318952
earliest_cr_line,Apr-1982,3,-0.026012257003796252
earliest_cr_line,Apr-1983,9,-0.03257842619217962
earliest_cr_line,Apr-1984,12,-0.018154819066772684
earliest_cr_line,Apr-1985,6,0.077084619981255195
earliest_cr_line,Apr-1986,14,-0.032019702796039592
earliest_cr_line,Apr-1987,8,0.043473563429977873
earliest_cr_line,Apr-1988,13,-0.035847320971378147
earliest_cr_line,Apr-1989,15,0.0023775043187816377
earliest_cr_line,Apr-1990,13,-0.049688838253474928
earliest_cr_line,Apr-1991,15,0.0021210559490151158
earliest_cr_line,Apr-1992,15,-0.023478471370508899
earliest_cr_line,Apr-1993,24,0.02782096589275038
earliest_cr_line,Apr-1994,26,-0.024437532649947566
earliest_cr_line,Apr-1995,29,0.051932370441854836
earliest_cr_line,Apr-1996,38,0.027964861100575739
earliest_cr_line,Apr-1997,33,-0.0025548975365510202
earliest_cr_line,Apr-1998,44,-0.01304105916695833
earliest_cr_line,Apr-1999,35,-0.0016269653330511374
earliest_cr_line,Apr-2000,40,0.013162149192373115
earliest_cr_line,Apr-2001,56,0.018552460010605582
earliest_cr_line,Apr-2002,56,0.016805871270637086
earliest_cr_line,Apr-2003,39,-0.051509876358679922
earliest_cr_line,Apr-2004,30,0.096654173259749177
earliest_cr_line,Apr-2005,32,0.073448428870290836
earliest_cr_line,Apr-2006,25,0.045038496390378401
earliest_cr_line,Apr-2007,19,0.077252432074124813
earliest_cr_line,Apr-2008,19,0.035544615470297303
earliest_cr_line,Apr-2009,6,-0.019116747503255795
earliest_cr_line,Aug-1969,1,-0.025327691557803726
earliest_cr_line,Aug-1970,1,-0.027489673292816107
earliest_cr_line,Aug-1972,1,-0.017204216524363419
earliest_cr_line,Aug-1973,1,-0.013481743414949525
earliest_cr_line,Aug-1974,1,-0.00341675416225428
earliest_cr_line,Aug-1977,8,0.066028518342319681
earliest_cr_line,Aug-1978,4,0.046383543821679231
earliest_cr_line,Aug-1979,3,0.019880758720919264
earliest_cr_line,Aug-1980,3,-0.03425172780157984
earliest_cr_line,Aug-1981,4,-0.039356468120604775
earliest_cr_line,Aug-1982,8,-0.02668300954395833
earliest_cr_line,Aug-1983,4,0.068407624241662746
earliest_cr_line,Aug-1984,9,0.043786018021042067
earliest_cr_line,Aug-1985,14,-0.041984374101944173
earliest_cr_line,Aug-1986,13,0.0073716527615439132
earliest_cr_line,Aug-1987,14,-0.035887137709995555
earliest_cr_line,Aug-1988,19,0.057174480783719027
earliest_cr_line,Aug-1989,21,0.0044844402307533992
earliest_cr_line,Aug-1990,13,-0.073684053868016533
earliest_cr_line,Aug-1991,21,-0.033543190632373689
earliest_cr_line,Aug-1992,19,-0.020687551338631992
earliest_cr_line,Aug-1993,25,-0.10166792372697712
earliest_cr_line,Aug-1994,28,-0.047402642439784939
earliest_cr_line,Aug-1995,36,-0.015981047699438033
earliest_cr_line,Aug-1996,34,-0.036601784353106813
earliest_cr_line,Aug-1997,39,-0.022565214347478768
earliest_cr_line,Aug-1998,49,0.10433642511290997
earliest_cr_line,Aug-1999,68,0.14089059538535187
earliest_cr_line,Aug-2000,85,0.018069337749931053
earliest_cr_line,Aug-2001,72,-0.017268948809670188
earliest_cr_line,Aug-2002,71,-0.0094502448671977234
earliest_cr_line,Aug-2003,68,0.039077903755779901
earliest_cr_line,Aug-2004,61,0.053877663986978644
earliest_cr_line,Aug-2005,59,0.018670611536649045
earliest_cr_line,Aug-2006,56,-0.021701707374032039
earliest_cr_line,Aug-2007,29,-0.042240224313164591
earliest_cr_line,Aug-2008,26,-0.067791288852143083
earliest_cr_line,Aug-2009,11,-0.018869102323843319
earliest_cr_line,Dec-1968,1,-0.025433108174750078
earliest_cr_line,Dec-1969,4,-0.024303642527205124
earliest_cr_line,Dec-1970,2,-0.017650975387864441
earliest_cr_line,Dec-1971,2,-0.014833922120032022
earliest_cr_line,Dec-1972,1,-0.021048518201833254
earliest_cr_line,Dec-1976,1,-0.0092490077021620768
earliest_cr_line,Dec-1977,2,0.0046958880223372532
earliest_cr_line,Dec-1979,3,-0.017775007531919601
earliest_cr_line,Dec-1980,2,-0.012850202145462723
earliest_cr_line,Dec-1981,8,-0.02161363345867414
earliest_cr_line,Dec-1982,8,-0.016998683350733592
earliest_cr_line,Dec-1983,14,-0.018120057029634314
earliest_cr_line,Dec-1984,7,-0.066402241670084919
earliest_cr_line,Dec-1985,6,-0.005992777541859947
earliest_cr_line,Dec-1986,12,0.068370866582192547
earliest_cr_line,Dec-1987,18,-0.082154139643031157
earliest_cr_line,Dec-1988,6,-0.0024910661548076204
earliest_cr_line,Dec-1989,13,0.0041712383510056411
earliest_cr_line,Dec-1990,17,0.019832718821342923
earliest_cr_line,Dec-1991,20,-0.016069342026594682
earliest_cr_line,Dec-1992,14,-0.017789657298114062
earliest_cr_line,Dec-1993,31,-0.054011908201441812
earliest_cr_line,Dec-1994,40,-0.0079136642362599551
earliest_cr_line,Dec-1995,29,-0.035520703573802159
earliest_cr_line,Dec-1996,34,-0.017431631155816484
earliest_cr_line,Dec-1997,43,0.016961016320613708
earliest_cr_line,Dec-1998,51,-0.021288997948149046
earliest_cr_line,Dec-1999,55,-0.020786341548520125
earliest_cr_line,Dec-2000,52,-0.030867283411732799
earliest_cr_line,Dec-2001,35,0.070101431553744445
earliest_cr_line,Dec-2002,44,-0.0058645033610402221
earliest_cr_line,Dec-2003,48,0.031025226821225407
earliest_cr_line,Dec-2004,34,0.0047810833988654209
earliest_cr_line,Dec-2005,26,0.040332077600573078
earliest_cr_line,Dec-2006,34,0.11274506486478292
earliest_cr_line,Dec-2007,19,0.044292845356508882
earliest_cr_line,Dec-2008,12,-0.035482164253901632
earliest_cr_line,Feb-1972,1,-0.031066572076044834
earliest_cr_line,Feb-1973,3,-0.030416473525521182
earliest_cr_line,Feb-1974,2,-0.014493835346178978
earliest_cr_line,Feb-1975,3,-0.027811095596638729
earliest_cr_line,Feb-1977,1,-0.018148810187869797
earliest_cr_line,Feb-1978,2,-0.016278650356532021
earliest_cr_line,Feb-1979,3,0.035871446227100971
earliest_cr_line,Feb-1980,3,0.20001460476402014
earliest_cr_line,Feb-1981,4,-0.025808120076472929
earliest_cr_line,Feb-1982,3,0.03563935686407365
earliest_cr_line,Feb-1983,8,-0.0030852760436893669
earliest_cr_line,Feb-1984,10,-0.049586881196885001
earliest_cr_line,Feb-1985,11,0.061358645944504582
earliest_cr_line,Feb-1986,18,-0.021606740586227927
earliest_cr_line,Feb-1987,5,-0.0086709773314306259
earliest_cr_line,Feb-1988,13,0.066472594241057545
earliest_cr_line,Feb-1989,15,-0.013788134705163987
earliest_cr_line,Feb-1990,17,-0.082772391528365019
earliest_cr_line,Feb-1991,20,-0.042096190046433946
earliest_cr_line,Feb-1992,12,-0.027817326429270334
earliest_cr_line,Feb-1993,20,-0.0017613023755561595
earliest_cr_line,Feb-1994,33,0.0076790871736110754
earliest_cr_line,Feb-1995,28,0.0042965938222867721
earliest_cr_line,Feb-1996,36,-0.029291398744305544
earliest_cr_line,Feb-1997,28,0.14900416982090708
earliest_cr_line,Feb-1998,39,-0.017895583623310292
earliest_cr_line,Feb-1999,46,0.029022455959964048
earliest_cr_line,Feb-2000,53,0.00085908507719430834
earliest_cr_line,Feb-2001,56,-0.04774552295136876
earliest_cr_line,Feb-2002,47,0.05533861796101399
earliest_cr_line,Feb-2003,46,-0.089311067585041745
earliest_cr_line,Feb-2004,33,0.065733483598470019
earliest_cr_line,Feb-2005,29,0.0062723282512170166
earliest_cr_line,Feb-2006,23,0.0035662245407473364
earliest_cr_line,Feb-2007,31,0.042276068900082404
earliest_cr_line,Feb-2008,20,0.038406375769560769
earliest_cr_line,Feb-2009,8,-0.019895477963487621
earliest_cr_line,Jan-1968,2,-0.024066481150008333
earliest_cr_line,Jan-1969,1,-0.024681117458242505
earliest_cr_line,Jan-1971,1,-0.023249274360109564
earliest_cr_line,Jan-1972,2,-0.016511148089990151
earliest_cr_line,Jan-1973,1,-0.025315033340244788
earliest_cr_line,Jan-1974,1,-0.020175617400793114
earliest_cr_line,Jan-1975,1,-0.036946488753743213
earliest_cr_line,Jan-1977,5,-0.025738356980796
earliest_cr_line,Jan-1978,5,-0.030008007400951508
earliest_cr_line,Jan-1979,4,-0.019418173977741961
earliest_cr_line,Jan-1980,12,-0.02433888890376015
earliest_cr_line,Jan-1981,4,-0.027502419626160839
earliest_cr_line,Jan-1982,2,-0.037725485878297237
earliest_cr_line,Jan-1983,8,-0.0044807340102212562
earliest_cr_line,Jan-1984,8,0.0010401453457584758
earliest_cr_line,Jan-1985,11,-0.030256556350774767
earliest_cr_line,Jan-1986,15,-0.023819620998668252
earliest_cr_line,Jan-1987,12,0.0097095069618774784
earliest_cr_line,Jan-1988,11,-0.050973036642678111
earliest_cr_line,Jan-1989,9,-0.0857364212385857
earliest_cr_line,Jan-1990,21,-0.017790474101142706
earliest_cr_line,Jan-1991,17,-0.017715109474977342
earliest_cr_line,Jan-1992,11,-0.030423022436000501
earliest_cr_line,Jan-1993,17,-0.047350863992135193
earliest_cr_line,Jan-1994,23,0.0024137665080327785
earliest_cr_line,Jan-1995,35,0.02041893716655515
earliest_cr_line,Jan-1996,23,0.01812195078290426
earliest_cr_line,Jan-1997,30,-0.013345724525031152
earliest_cr_line,Jan-1998,35,0.0050198269979729454
earliest_cr_line,Jan-1999,41,0.002549475215838017
earliest_cr_line,Jan-2000,39,-0.0087486394029807832
earliest_cr_line,Jan-2001,51,0.068367232938918679
earliest_cr_line,Jan-2002,48,-0.002249232762044316
earliest_cr_line,Jan-2003,36,-0.028174571070026584
earliest_cr_line,Jan-2004,27,-0.037822377944195434
earliest_cr_line,Jan-2005,35,0.041780806570011923
earliest_cr_line,Jan-2006,35,0.029247441626279798
earliest_cr_line,Jan-2007,18,-0.02208472700124587
earliest_cr_line,Jan-2008,21,-0.036613102445683957
earliest_cr_line,Jan-2009,9,-0.088188883949443519
earliest_cr_line,Jul-1965,1,-0.020167580181567373
earliest_cr_line,Jul-1970,1,-0.022163631031852177
earliest_cr_line,Jul-1971,2,-0.01835643577836036
earliest_cr_line,Jul-1973,1,-0.029964496882473109
earliest_cr_line,Jul-1974,4,-0.026663750785861254
earliest_cr_line,Jul-1975,3,-0.024997119213268689
earliest_cr_line,Jul-1976,2,-0.020637431317292221
earliest_cr_line,Jul-1977,2,-0.038585041899039642
earliest_cr_line,Jul-1978,2,-0.026690746530976577
earliest_cr_line,Jul-1979,4,-0.0081683510850215548
earliest_cr_line,Jul-1980,4,-0.027285986691454722
earliest_cr_line,Jul-1981,5,0.0073264069309145518
earliest_cr_line,Jul-1982,9,-0.020918672487997513
earliest_cr_line,Jul-1983,8,0.041386538790806685
earliest_cr_line,Jul-1984,10,-0.016398101347242736
earliest_cr_line,Jul-1985,11,-0.045295427975144999
earliest_cr_line,Jul-1986,13,-0.0011755024031991407
earliest_cr_line,Jul-1987,11,-0.028445507511816813
earliest_cr_line,Jul-1988,10,0.062510618245428015
earliest_cr_line,Jul-1989,21,-0.0062556131295537472
earliest_cr_line,Jul-1990,10,-0.02336741808569414
earliest_cr_line,Jul-1991,20,-0.022182235432543745
earliest_cr_line,Jul-1992,17,-0.026289969149825874
earliest_cr_line,Jul-1993,27,-0.012960616965067819
earliest_cr_line,Jul-1994,32,-0.039766440223123631
earliest_cr_line,Jul-1995,29,0.028923859570166226
earliest_cr_line,Jul-1996,41,0.01526341651415363
earliest_cr_line,Jul-1997,31,-0.014779903931706478
earliest_cr_line,Jul-1998,34,0.050620597257674912
earliest_cr_line,Jul-1999,67,0.044363639164408067
earliest_cr_line,Jul-2000,62,-0.021289013262958175
earliest_cr_line,Jul-2001,62,-0.016949539855810134
earliest_cr_line,Jul-2002,53,0.01894167397390718
earliest_cr_line,Jul-2003,55,-0.10553025359615888
earliest_cr_line,Jul-2004,41,-0.012944836389955246
earliest_cr_line,Jul-2005,43,0.19146231208909345
earliest_cr_line,Jul-2006,29,-0.0071406296035625393
earliest_cr_line,Jul-2007,38,0.091425963551576075
earliest_cr_line,Jul-2008,19,-0.02645181449096367
earliest_cr_line,Jul-2009,11,-0.019564824437379915
earliest_cr_line,Jun-1966,1,-0.018245178878995461
earliest_cr_line,Jun-1969,3,-0.034500406157417486
earliest_cr_line,Jun-1975,4,-0.020487994420337406
earliest_cr_line,Jun-1978,2,-0.033073178778778911
earliest_cr_line,Jun-1979,6,-0.015727398782097873
earliest_cr_line,Jun-1980,1,-0.030391897485127019
earliest_cr_line,Jun-1981,1,-0.014569756167643682
earliest_cr_line,Jun-1982,5,-0.022334314613629457
earliest_cr_line,Jun-1983,8,-0.0097708882664476315
earliest_cr_line,Jun-1984,8,-0.039758438733973417
earliest_cr_line,Jun-1985,13,-0.023229451244405137
earliest_cr_line,Jun-1986,3,-0.02325923162834163
earliest_cr_line,Jun-1987,11,-0.047920609630672843
earliest_cr_line,Jun-1988,14,-0.025528834926747544
earliest_cr_line,Jun-1989,20,0.1549765689374677
earliest_cr_line,Jun-1990,16,0.026178980630269535
earliest_cr_line,Jun-1991,15,-0.06627103699171491
earliest_cr_line,Jun-1992,24,0.064035269672892983
earliest_cr_line,Jun-1993,24,-0.010043503405885038
earliest_cr_line,Jun-1994,32,-0.025992545559254902
earliest_cr_line,Jun-1995,37,-0.093272931405020382
earliest_cr_line,Jun-1996,31,-0.026102013015204387
earliest_cr_line,Jun-1997,37,0.058768433653159528
earliest_cr_line,Jun-1998,39,-0.062619449862721263
earliest_cr_line,Jun-1999,47,-0.0090971586022804037
earliest_cr_line,Jun-2000,42,0.007432349745234235
earliest_cr_line,Jun-2001,53,0.038963136245967506
earliest_cr_line,Jun-2002,51,0.049062172471887489
earliest_cr_line,Jun-2003,52,-0.035080518267258179
earliest_cr_line,Jun-2004,39,-0.03796097148855513
earliest_cr_line,Jun-2005,25,0.095123332934884217
earliest_cr_line,Jun-2006,44,0.12670291523373878
earliest_cr_line,Jun-2007,16,-0.027320807478303108
earliest_cr_line,Jun-2008,13,-0.035924849288170087
earliest_cr_line,Jun-2009,11,-0.0225764017469243
earliest_cr_line,Mar-1963,1,-0.024345491755392547
earliest_cr_line,Mar-1969,1,-0.0024055526273979487
earliest_cr_line,Mar-1970,1,-0.030075061733826444
earliest_cr_line,Mar-1971,2,-0.020424810102813388
earliest_cr_line,Mar-1973,3,-0.030933385840776675
earliest_cr_line,Mar-1974,3,-0.028671457215322705
earliest_cr_line,Mar-1975,3,-0.034623928667298333
earliest_cr_line,Mar-1976,2,-0.019497499532456452
earliest_cr_line,Mar-1977,3,-0.026121615321433325
earliest_cr_line,Mar-1978,3,-0.033024802229076632
earliest_cr_line,Mar-1979,6,0.027607121248310117
earliest_cr_line,Mar-1980,3,-0.025829425420482596
earliest_cr_line,Mar-1981,8,-0.024528143990521875
earliest_cr_line,Mar-1982,8,0.10057268049349311
earliest_cr_line,Mar-1983,9,0.033921648881084475
earliest_cr_line,Mar-1984,6,0.10081358762027391
earliest_cr_line,Mar-1985,9,-0.030281807999524766
earliest_cr_line,Mar-1986,14,-0.051932818547527237
earliest_cr_line,Mar-1987,13,-0.023731943301547327
earliest_cr_line,Mar-1988,19,-0.0066503106790856631
earliest_cr_line,Mar-1989,12,-0.019048445441886643
earliest_cr_line,Mar-1990,20,-0.010321431797391959
earliest_cr_line,Mar-1991,15,0.10858423809388504
earliest_cr_line,Mar-1992,12,-0.052503944795240766
earliest_cr_line,Mar-1993,22,-0.024361816008466708
earliest_cr_line,Mar-1994,30,-0.039556155887755302
earliest_cr_line,Mar-1995,35,0.027323704857454098
earliest_cr_line,Mar-1996,34,0.09407870595230082
earliest_cr_line,Mar-1997,51,0.055491928081044438
earliest_cr_line,Mar-1998,38,-0.016017007596463961
earliest_cr_line,Mar-1999,56,0.10904081743454143
earliest_cr_line,Mar-2000,70,-0.019504757064911366
earliest_cr_line,Mar-2001,61,0.045471686947443642
earliest_cr_line,Mar-2002,54,0.1018697828371249
earliest_cr_line,Mar-2003,44,-0.009735910120561549
earliest_cr_line,Mar-2004,45,-0.055378593321918197
earliest_cr_line,Mar-2005,24,0.042197343746831845
earliest_cr_line,Mar-2006,30,-0.014887615376234859
earliest_cr_line,Mar-2007,20,0.038855171289785592
earliest_cr_line,Mar-2008,17,0.031435677177024529
earliest_cr_line,Mar-2009,6,-0.024291162838216741
earliest_cr_line,May-1966,1,-0.015205897936588844
earliest_cr_line,May-1967,1,-0.0099891043081109694
earliest_cr_line,May-1969,2,-0.020430513474687939
earliest_cr_line,May-1971,1,-0.031606171064011285
earliest_cr_line,May-1972,2,-0.020766826213979281
earliest_cr_line,May-1973,1,-0.020958844555811446
earliest_cr_line,May-1976,6,-0.02953959058953572
earliest_cr_line,May-1978,3,-0.020990817502703138
earliest_cr_line,May-1979,5,-0.031526778608808828
earliest_cr_line,May-1980,1,0.23135842007504387
earliest_cr_line,May-1981,2,-0.01690510072807145
earliest_cr_line,May-1982,7,-0.01018018900798218
earliest_cr_line,May-1983,8,0.022652953906272557
earliest_cr_line,May-1984,10,0.017764533658718124
earliest_cr_line,May-1985,10,0.03409753356603358
earliest_cr_line,May-1986,12,-0.021115859283622376
earliest_cr_line,May-1987,13,-0.026854611563283406
earliest_cr_line,May-1988,11,-0.037707467383065109
earliest_cr_line,May-1989,14,0.02794579658917554
earliest_cr_line,May-1990,23,-0.063369432333904505
earliest_cr_line,May-1991,9,-0.021735726925668615
earliest_cr_line,May-1992,15,0.0028694569033463129
earliest_cr_line,May-1993,27,-0.02509753973746378
earliest_cr_line,May-1994,30,0.066734037040858618
earliest_cr_line,May-1995,29,-0.04723548643791417
earliest_cr_line,May-1996,32,0.027448315034703276
earliest_cr_line,May-1997,24,0.065652649734170745
earliest_cr_line,May-1998,42,-0.014863482090930778
earliest_cr_line,May-1999,47,0.055149912184319
earliest_cr_line,May-2000,61,0.021973864609555978
earliest_cr_line,May-2001,50,-0.028003417422377032
earliest_cr_line,May-2002,44,0.010190857160299244
earliest_cr_line,May-2003,61,0.039636458492908477
earliest_cr_line,May-2004,32,-0.01511647328380957
earliest_cr_line,May-2005,31,0.024727977225898385
earliest_cr_line,May-2006,37,0.01766168247026877
earliest_cr_line,May-2007,30,-0.0020479388932689211
earliest_cr_line,May-2008,18,0.027186167751365387
earliest_cr_line,May-2009,16,-0.020532101814443739
earliest_cr_line,Nov-1966,1,-0.021948076391326996
earliest_cr_line,Nov-1967,1,-0.025822854674075798
earliest_cr_line,Nov-1970,4,-0.023725040992177565
earliest_cr_line,Nov-1973,1,-0.03804513730323749
earliest_cr_line,Nov-1974,2,-0.020380616749833116
earliest_cr_line,Nov-1975,1,-0.021913966283415853
earliest_cr_line,Nov-1976,2,-0.017758829723438511
earliest_cr_line,Nov-1977,1,-0.020331901573065199
earliest_cr_line,Nov-1979,1,-0.017259075474924512
earliest_cr_line,Nov-1980,6,-0.023620681749958062
earliest_cr_line,Nov-1981,3,-0.028476310810141254
earliest_cr_line,Nov-1982,7,-0.024511954983746673
earliest_cr_line,Nov-1983,5,-0.021382980873648823
earliest_cr_line,Nov-1984,11,0.056398052285171613
earliest_cr_line,Nov-1985,9,-0.034845620749678251
earliest_cr_line,Nov-1986,17,-0.027678893567420815
earliest_cr_line,Nov-1987,18,-0.020473865296144332
earliest_cr_line,Nov-1988,14,-0.038312103909963681
earliest_cr_line,Nov-1989,16,-0.028267360376071367
earliest_cr_line,Nov-1990,18,-0.04758520989259539
earliest_cr_line,Nov-1991,17,-0.034765487177571788
earliest_cr_line,Nov-1992,29,-0.010283349369689672
earliest_cr_line,Nov-1993,33,-0.029273577290535823
earliest_cr_line,Nov-1994,58,-0.03922991827455366
earliest_cr_line,Nov-1995,42,-0.014433636688633551
earliest_cr_line,Nov-1996,48,-0.035945322629046789
earliest_cr_line,Nov-1997,48,-0.023619605445665812
earliest_cr_line,Nov-1998,51,-0.022171916263527467
earliest_cr_line,Nov-1999,52,0.013204884478020491
earliest_cr_line,Nov-2000,62,-0.043210168123018547
earliest_cr_line,Nov-2001,58,0.0089922245935288789
earliest_cr_line,Nov-2002,39,-0.047830021943326008
earliest_cr_line,Nov-2003,45,-0.094476183723176774
earliest_cr_line,Nov-2004,24,-0.049342513136474926
earliest_cr_line,Nov-2005,18,0.054091574995762143
earliest_cr_line,Nov-2006,23,0.075256939715630286
earliest_cr_line,Nov-2007,21,-0.017859767128680606
earliest_cr_line,Nov-2008,14,-0.033828894359572342
earliest_cr_line,Nov-2009,8,-0.025660060628704167
earliest_cr_line,Oct-1964,1,-0.025715601903138131
earliest_cr_line,Oct-1967,1,-0.020582326138806235
earliest_cr_line,Oct-1970,1,-0.019694457765544193
earliest_cr_line,Oct-1972,3,-0.019499137709965385
earliest_cr_line,Oct-1974,3,-0.03657577498280002
earliest_cr_line,Oct-1975,2,-0.018519978718690013
earliest_cr_line,Oct-1976,1,-0.029552103637856268
earliest_cr_line,Oct-1977,6,-0.016082178329508128
earliest_cr_line,Oct-1978,6,-0.027144457986601405
earliest_cr_line,Oct-1979,1,-0.01788757303741902
earliest_cr_line,Oct-1980,4,0.026726632705952297
earliest_cr_line,Oct-1981,4,-0.027204656744521515
earliest_cr_line,Oct-1982,9,-0.022827318714432235
earliest_cr_line,Oct-1983,6,-0.015171889149002296
earliest_cr_line,Oct-1984,10,-0.032506494282405318
earliest_cr_line,Oct-1985,15,-0.010791752662388234
earliest_cr_line,Oct-1986,9,0.051550442283399757
earliest_cr_line,Oct-1987,19,-0.032665536923325952
earliest_cr_line,Oct-1988,18,-0.010342670750585091
earliest_cr_line,Oct-1989,22,-0.020009237739810216
earliest_cr_line,Oct-1990,23,-0.02528474090171641
earliest_cr_line,Oct-1991,22,-0.059077544844902435
earliest_cr_line,Oct-1992,22,-0.033458683114704679
earliest_cr_line,Oct-1993,32,-0.015448799282454342
earliest_cr_line,Oct-1994,46,-0.062464471645092022
earliest_cr_line,Oct-1995,50,0.048625260397851172
earliest_cr_line,Oct-1996,55,-0.030573750609927664
earliest_cr_line,Oct-1997,59,-0.0086019369276505216
earliest_cr_line,Oct-1998,59,-0.028226078012114436
earliest_cr_line,Oct-1999,69,-0.030244106417751576
earliest_cr_line,Oct-2000,59,-0.016873479905578463
earliest_cr_line,Oct-2001,64,-0.006411847452691446
earliest_cr_line,Oct-2002,65,0.013916671538445731
earliest_cr_line,Oct-2003,49,-0.03708075338689884
earliest_cr_line,Oct-2004,46,-0.061359197023935087
earliest_cr_line,Oct-2005,19,-0.038084511940130378
earliest_cr_line,Oct-2006,24,0.01398769972353575
earliest_cr_line,Oct-2007,22,0.088206653006082186
earliest_cr_line,Oct-2008,21,-0.052021971919150624
earliest_cr_line,Oct-2009,8,-0.015062471612432397
earliest_cr_line,Sep-1971,1,-0.020231797747257762
earliest_cr_line,Sep-1972,2,-0.028964653263912593
earliest_cr_line,Sep-1973,1,-0.018576693961442393
earliest_cr_line,Sep-1974,3,-0.016813556420132585
earliest_cr_line,Sep-1975,3,-0.025076487804932643
earliest_cr_line,Sep-1976,4,-0.022962972083318732
earliest_cr_line,Sep-1977,7,-0.021310182700450087
earliest_cr_line,Sep-1978,3,-0.015405920862180364
earliest_cr_line,Sep-1979,4,0.016928054929944817
earliest_cr_line,Sep-1980,5,-0.02016814212248293
earliest_cr_line,Sep-1981,4,-0.013914610740017362
earliest_cr_line,Sep-1982,9,-0.028672455747634922
earliest_cr_line,Sep-1983,9,-0.02383923112945013
earliest_cr_line,Sep-1984,12,-0.020975158098890983
earliest_cr_line,Sep-1985,5,-0.018350763948321754
earliest_cr_line,Sep-1986,7,-0.026242844899151224
earliest_cr_line,Sep-1987,11,-0.016793623596613082
earliest_cr_line,Sep-1988,12,0.042400434682324684
earliest_cr_line,Sep-1989,16,-0.011024969541294331
earliest_cr_line,Sep-1990,18,-0.029760983655417975
earliest_cr_line,Sep-1991,20,0.11750437177026352
earliest_cr_line,Sep-1992,19,-0.014663909978688609
earliest_cr_line,Sep-1993,31,-0.023576101749098563
earliest_cr_line,Sep-1994,45,-0.015717968223678429
earliest_cr_line,Sep-1995,43,-0.026360619841110378
earliest_cr_line,Sep-1996,59,0.063469572234711114
earliest_cr_line,Sep-1997,61,0.037937698098080563
earliest_cr_line,Sep-1998,58,-0.005969355350057947
earliest_cr_line,Sep-1999,67,0.0083026742006522911
earliest_cr_line,Sep-2000,96,-0.038677469115373196
earliest_cr_line,Sep-2001,61,-0.019226524518418192
earliest_cr_line,Sep-2002,60,-0.0016462433922969249
earliest_cr_line,Sep-2003,55,-0.096266567978707848
earliest_cr_line,Sep-2004,46,-0.047458966416028217
earliest_cr_line,Sep-2005,37,-0.035834244365028023
earliest_cr_line,Sep-2006,40,0.055613535172117555
earliest_cr_line,Sep-2007,39,0.015489360122528698
earliest_cr_line,Sep-2008,24,0.0064702961745237908
earliest_cr_line,Sep-2009,13,-0.018194149505963632
